{"cameraMode":{"drawMode":0,"name":"Shaded","section":"Shading Mode"},"sceneLighting":false,"audioPlay":false,"sceneViewState":{"m_AlwaysRefresh":false,"showFog":true,"showSkybox":false,"showFlares":true,"showImageEffects":true,"showParticleSystems":true,"showVisualEffectGraphs":true,"m_FxEnabled":true},"in2DMode":false,"pivot":{"x":-0.02671527862548828,"y":2.568934202194214,"z":-0.5016560554504395},"rotation":{"x":0.08540268987417221,"y":0.6560150980949402,"z":-0.07516826689243317,"w":0.7462102770805359},"size":5.181891918182373,"orthographic":false}