{"cameraMode":{"drawMode":0,"name":"Shaded","section":"Shading Mode"},"sceneLighting":false,"audioPlay":false,"sceneViewState":{"m_AlwaysRefresh":false,"showFog":true,"showSkybox":false,"showFlares":true,"showImageEffects":true,"showParticleSystems":true,"showVisualEffectGraphs":true,"m_FxEnabled":true},"in2DMode":false,"pivot":{"x":36.087162017822269,"y":5.496098041534424,"z":-53.335174560546878},"rotation":{"x":0.08540268987417221,"y":0.6560150980949402,"z":-0.07516826689243317,"w":0.7462102770805359},"size":10.147297859191895,"orthographic":false}